GEOID,NAME,ABBR,year,index_eq_community_living,index_eq_living_arrangements,index_eq_community_participation,index_eq_commute,index_eq_education,index_eq_insurance,index_eq_tech,index_eq_all_work_indicators,index_eq_work_economic,index_eq_housing_affordability,index_eq_negative_work,index_eq_positive_work,index_eq_adaparc,index_rel_community_living,index_rel_community_resource,index_rel_housing_access,index_rel_living_arrangements,index_rel_community_participation,index_rel_commute,index_rel_education,index_rel_insurance,index_rel_safety,index_rel_tech,index_rel_all_work_indicators,index_rel_work_economic,index_rel_housing_affordability,index_rel_negative_work,index_rel_positive_work,index_rel_adaparc,index_adaparc
02,Alaska,AK,2024,40.5186013344597,40.5186013344597,62.12844096054228,56.53615707429337,52.38863048827146,45.706383093005975,93.8825931865983,53.993498953978055,48.87364611414769,43.75379327431733,37.92721533352564,70.05978257443047,50.506896136383226,58.68273533245895,78.8098447544971,41.5726559595109,55.66570528336885,58.608931177181674,55.50207478771125,56.92192530233014,34.59088407205256,58.69850427492033,87.3312674488941,54.36449976467691,62.60676788784441,70.84903601101192,54.39667411701918,54.33232541233463,59.966144799161675,55.23652046777245
01,Alabama,AL,2024,52.616776585660894,52.616776585660894,53.89297591416235,48.056378502557365,77.26403912223446,61.756360561884755,28.495125469972805,51.06503054036307,63.69703463036056,76.32903872035806,44.350106666643825,57.779954414082304,56.73559571006126,27.94551622365668,15.838411675992708,8.650807216878558,59.34732977809879,27.248606148185864,17.348235637600553,16.57824624453193,36.96796703168113,43.03924518370903,22.30933664340669,38.24502588198828,32.16680249210934,26.0885791022304,42.97753612016563,33.51251564381094,29.12030828798396,42.92795199902261
05,Arkansas,AR,2024,42.26803953487211,42.26803953487211,45.90073195116758,43.133937238804336,65.13103629286537,39.89603238513015,35.44192188787046,54.89572201689188,73.52413604021838,92.15255006354488,60.100387674123645,49.69105635966012,53.897635842086025,43.30961144812422,15.471604390127393,42.764607763430966,71.69262219081432,26.24037975801678,20.37603958949393,17.6064119921272,49.1277715022455,19.133809999768125,24.957865706449144,25.47270273844207,17.517499170903232,9.562295603364396,35.827939321932405,15.117466154951735,29.02249679234808,41.460066317217056
04,Arizona,AZ,2024,47.0819232601846,47.0819232601846,52.212240444602486,27.565537289225063,49.50317438365286,39.832153763111016,91.94809634242098,55.38599727655805,44.397811616208,33.40962595585796,29.954112165877095,80.81788238723901,47.89732510699836,37.11088522182152,4.581583309903341,39.26594345856845,67.48512889699278,57.1809869662877,55.50207478771125,61.71946246761911,37.7356155234377,48.34153242206583,82.60624963060462,57.707639077373,63.173010819086585,68.63838256080017,57.36818357815707,58.04709457658894,52.48829433573193,50.192809721365144
06,California,CA,2024,59.08159644374894,59.08159644374894,60.61977332103031,51.57363340834249,62.918752746097226,42.00439925692637,85.98230787275516,54.53641436596604,27.67988214657,0.8233499271739575,42.92728938482734,66.14553934710474,49.12708397044975,57.96742571619328,95.34030496675416,39.26594345856845,39.29602872325725,59.90314280905615,66.08915659185438,36.613180718949245,54.98918998124447,56.31891575723144,85.50527099600122,41.44476119740453,52.95168487419083,64.45860855097713,37.75129829307637,45.1382241017327,56.940751133146755,53.033917551798254
08,Colorado,CO,2024,53.95811101975713,53.95811101975713,57.66276664225968,72.28641449707965,24.10328952969214,48.89715393630768,85.36420860595922,43.65079423405431,27.519933013462175,11.38907179287004,37.21585639150193,50.08573207660669,46.380270225159656,70.65703634421358,86.77115422931975,77.70147283551017,47.49848196781083,64.77494105702675,56.67288414136449,91.9131800315977,54.14359657554002,32.55272073976403,88.59232379686749,77.23979585878992,75.62328240582256,74.00676895285521,66.53955625209555,87.94003546548429,70.35175326902096,58.36601174709031
09,Connecticut,CT,2024,49.730962592314576,49.730962592314576,43.85758802069952,53.97462958163794,45.56064770637116,46.030895372417206,29.864179422371752,41.96157389425639,29.962582243642743,17.963590593029096,69.86700481782749,14.056142970685286,41.183710952218945,49.19275589672621,70.62025112689614,41.48035776910177,35.477658794180726,61.91168318826114,60.58154337498187,54.20866638886856,61.86462758640957,80.68522547081332,52.2183531202324,45.81370600152799,50.129835557350944,54.44596511317389,43.39170540168098,48.235706601375,53.74475821411276,47.46423458316585
11,District of Columbia,DC,2024,63.319329143223186,63.319329143223186,52.85612157802294,99.90290097142974,43.41750918897681,55.41543253569034,12.688643615994886,42.73939943143321,38.76525038010123,34.79110132876926,72.79791437453595,12.680884488330472,51.64690036711579,32.58368741181942,70.240250007593,10.21867433583095,17.292137892034294,53.626570067079136,99.99997307345043,69.0986366755327,60.410497404494414,0.00413282285744998,38.619610359060665,49.77655071686758,71.6561695106588,93.53578830445,29.18174462438078,70.37135680935438,52.62214232985245,52.134521348484114
10,Delaware,DE,2024,40.74002375744229,40.74002375744229,58.19122262960953,58.53375574901956,43.352252190493466,49.23784443878315,81.6410381401419,39.28644682790986,43.564645125843995,47.84284342377812,25.28150949444308,53.29138416137664,47.4986305042986,61.488624465453334,68.21501401747297,40.90667230499701,75.34418707389003,59.15251544492736,41.880360710192534,67.37964473619544,72.28929415413124,37.06503066138238,77.1482469627352,67.8111725248584,60.655105921865186,53.49903931887196,69.71420254909007,65.90814250062674,60.432081944081965,53.96535622419029
12,Florida,FL,2024,56.019882837651934,56.019882837651934,60.04951100383152,46.088951602314445,61.92581549134965,43.82006427288664,88.36321264877535,58.1614246924492,31.942731093503944,5.7240374945586865,43.53665496750971,72.7861944173887,49.33737497832913,40.33305642957141,39.07105691969501,28.16186635328208,53.76624601573712,58.84835595632069,43.35715257915852,57.96644046694705,31.515143001489633,80.8440150344847,80.55902869952351,41.281466594622394,45.947766822922226,50.61406705122206,49.855698427365574,32.707234761879214,48.376393069604774,48.85688402396696
13,Georgia,GA,2024,53.207031345114615,53.207031345114615,60.460256250066635,58.42961863641834,52.54759292325855,57.58044852447728,73.28336491611238,47.01048396356352,41.83302508121835,36.65556619887319,40.93006979742202,53.09089812970502,51.833437558799865,33.201814176941006,30.155852503623613,7.780840925704562,61.66874910149484,45.65962716418191,37.335243376741474,37.74603372716833,28.146378044188847,58.205250809532714,66.8652298632782,50.25685725334331,59.472303304077315,68.68774935481132,47.35463030919368,53.159084197492945,46.111248215066745,48.972342886933305
15,Hawaii,HI,2024,46.67113893850778,46.67113893850778,65.88166235793605,69.03295879089518,56.019798264086994,61.4889562370408,76.98493613972119,56.03916963746353,29.0498151956258,2.060460753788071,33.37842837008765,78.69991090483941,47.20087216402322,51.69484087775073,61.24778166562256,34.83323972282681,59.00350124480282,77.98079431439035,77.55690972166647,79.74449741009158,76.1673188339825,77.11470700238075,79.32053860383049,64.9842994590208,71.72023549845571,78.4561715378906,64.90351818529848,65.06508073274314,67.13195689686559,57.1664145304444
19,Iowa,IA,2024,35.296488156980274,35.296488156980274,38.25092887904728,26.641398688416015,38.687904684013176,50.00177017601592,37.67264196774399,48.21002295708962,66.65804050832347,85.10605805955733,49.44821563560303,46.97183027857621,46.73515251478367,44.07568148672078,26.943193965066943,62.652030433698016,42.63182006139736,52.777637428263986,34.25330516817831,52.30909056796564,65.45021947473526,73.58019710635878,38.29537482408191,65.5606377516727,53.9099345450457,42.259231338418694,70.22234479837859,60.89893070496681,50.254417820010154,48.49478516739691
16,Idaho,ID,2024,48.97767239941818,48.97767239941818,61.15800923934273,54.250919307007266,48.79844952970226,52.47360977529801,89.10905834536341,53.95152115207398,51.80833202768668,49.66514290329938,18.700305517229427,89.20273678691854,53.981337888815865,73.34844966004265,60.56194472540248,97.93897125263726,61.544433002088226,62.80543215214438,33.38535402557736,60.89941317031128,42.576410950931994,89.94163263827579,87.22434997562544,75.85630727359008,67.94185393656257,60.02740059953505,83.83282637557114,67.87978817160901,68.03191191624985,61.00662490253286
17,Illinois,IL,2024,49.99102584301748,49.99102584301748,42.848590148235665,64.06123444071842,35.53092130129082,42.09244214187649,29.709762709056942,45.99767474341377,46.30043709821727,46.60319945302077,53.762272439762505,38.23307704706503,46.38001769649014,34.826302986338625,42.885751564739685,17.681831085996937,43.91132630827925,51.91426228398327,74.19810780342442,51.722136550191635,53.09320510697637,34.98112823524151,45.57673372408241,42.25421716442865,55.832850429085454,69.41148369374226,43.540980395688955,40.96745393316835,47.52447189980245,46.952244798146296
18,Indiana,IN,2024,45.613314230238714,45.613314230238714,49.9611122059291,44.07055556865748,52.63390115727394,47.49479200779579,55.64520008998917,52.17818715876591,67.4102951787817,82.6424031987975,55.09220511353789,49.26416920399394,54.3282405383165,51.05514322762421,58.33289192550414,42.528355825625795,52.3041819317427,42.42285504280484,27.77022423682576,27.00193253178471,52.53005657267179,61.66326030442519,43.14880156831674,50.411604192128515,44.75069489779513,39.08978560346174,55.75077961420531,45.07242877005172,46.07623105607473,50.20223579719561
20,Kansas,KS,2024,58.20444242286904,58.20444242286904,38.35706813802295,27.508309835291424,29.079055715145536,55.49856178081034,41.34234522084451,49.836777973863526,66.03354535848372,82.23031274310392,47.39422513160637,52.27933081612069,54.19835197312525,24.790693637199496,4.4209746835806785,45.614292842285,24.33681338573281,45.34561218502749,35.102736599715314,63.61992342807575,32.68121974870296,45.97501309909619,49.34916804954721,63.90489964948019,56.07970927000374,48.25451889052729,68.39059400053104,59.41920529842935,42.072005030743576,48.13517850193441
21,Kentucky,KY,2024,47.666944880378566,47.666944880378566,43.29112600038922,31.33328306162425,68.9945498028375,42.147799380801246,30.68887175629388,53.149693812526365,70.53995860078743,87.93022338904848,67.66377410977636,38.63561351527637,53.83267649385174,43.381394786792605,28.575318991841165,39.98721453793626,61.58165083060038,40.03932061450949,28.95331983258384,10.42395004488846,60.64959921261047,73.06883109685629,27.100902885608424,28.22208926562425,21.835676551904584,15.44926383818492,34.836567586832906,21.607610944415587,35.085463984402224,44.45907023912699
22,Louisiana,LA,2024,46.047813643140294,46.047813643140294,48.55674583179927,30.07379957525445,82.98301893888517,43.661449956450944,37.508714856606495,48.63469885245848,51.11075249831446,53.58680614417044,43.236812591263806,54.03258511365316,48.57177065775134,28.957793985572483,14.584614937690503,16.691478117295294,55.59728890173165,29.072087144491377,26.94679580749193,11.026170562019004,56.62198443175266,28.686577219487297,22.078907701705972,20.87428681892167,17.82343734119826,14.772587863474849,23.55075011274432,18.19782352509902,25.284439490420706,36.92810507408602
25,Massachusetts,MA,2024,39.73195380284898,39.73195380284898,43.25785726725233,43.70408610602915,46.29102005758378,57.89866983938938,25.137653066007015,43.83973623577069,32.47244658224044,21.10515692871018,79.81271278751781,7.866759684023568,38.48741921744725,56.10347672837656,54.49881273288583,68.76267648274123,45.0489409695026,69.33403989672597,83.23039138423196,56.317647779833784,72.65787592013935,81.2728455667152,53.191438832709515,45.85523759418403,53.03009751893943,60.204957443694816,38.83599364661951,52.874481541748565,59.489204714680646,48.98831196606395
24,Maryland,MD,2024,61.79393789260456,61.79393789260456,55.71219974227732,54.939243550072234,43.52344357266435,49.5019937659668,74.88411808040591,44.552456428246515,33.3484262869744,22.144396145702288,53.81585202930872,35.28906082718431,50.28485464061876,53.86224426928776,77.09961339331431,40.13895195226317,44.3481674622858,65.63337688958462,71.38248642250934,73.00669274701893,70.53582134509583,33.707527062577824,79.5343568707212,73.1993429500692,77.57095280330637,81.94256265654354,57.43992956675578,88.95875633338261,65.68885798739292,57.98685631400584
23,Maine,ME,2024,44.90669240185059,44.90669240185059,36.08773525838105,37.63994102538823,32.18414810381474,43.262824878458616,31.264027025862607,62.52568253930626,69.88949788523614,77.25331323116602,87.14968739003261,37.9016776885799,50.294641848489256,65.94351008627154,62.73788943491542,87.41873967052447,47.673901153374736,59.903707935138,39.98130550228129,71.23799935104472,62.768441992607826,84.68012923291275,40.85066359684346,27.85103570857664,24.36325675761959,20.87547780666254,44.62114570798003,11.080925709173256,50.07015825967638,50.18240005408282
26,Michigan,MI,2024,55.637355892365264,55.637355892365264,46.602213084920216,38.62403570895411,51.84794405476837,52.954295950454274,42.98257662550409,47.77649049829039,58.29787274204722,68.81925498580405,59.27139134978592,36.28158964679486,53.5124805731109,46.075193568383696,15.474467393541296,66.16774362600943,56.58336968560036,48.37446494419764,38.57314205093252,39.933826863873634,65.46071413455148,51.56472237065633,46.33991930097426,30.114474572114183,28.21790925823448,26.32134394435477,35.847628829872654,24.381320314355715,40.88918925693861,47.20083491502476
27,Minnesota,MN,2024,41.15843913191933,41.15843913191933,43.84596051660901,53.258504186453514,26.97757697437261,55.986545498022544,39.16121540758734,50.79667491950334,56.8607547944076,62.92483466931185,67.0852234114033,34.50812642760337,47.288384814311975,64.28821161708292,93.1116740936063,60.98300335206784,38.7699574055746,65.1089747576646,61.752643956888136,72.54159087961807,60.602717365368584,71.01645146153012,59.6314701249181,60.057418136198834,58.32080004291008,56.58418194962133,61.00993454354799,59.10490172884968,62.5726621392192,54.930523476765586
29,Missouri,MO,2024,49.133775293817834,49.133775293817834,46.731635239875075,37.07066768214813,50.73010911448933,57.04004630938538,42.08571785347746,54.05483192903024,69.90295263660065,85.75107334417103,65.72326555082475,42.38639830723573,55.25612105676452,51.66349810944214,66.0367381250087,39.98127589240228,48.97248031091543,36.43206478497473,37.21194985678925,36.23837858500019,31.83458640257645,36.29043110130008,40.58497797920763,43.08717330410471,38.809449907690976,34.53172651127725,52.365842950772674,33.808503657436745,42.30167093403595,48.778895995400234
28,Mississippi,MS,2024,42.90978736502909,42.90978736502909,50.56528359713997,40.74907174251896,84.54642133540074,48.80327704300381,28.162364267636352,52.879880091233304,62.9921202714342,73.1043604516351,44.565166410221536,61.19459377224508,52.15573041120109,28.53237870172949,15.227064245767831,8.332355112188058,62.03771674723258,27.791246318905895,17.072245492328566,9.562113727115054,24.39825136239607,72.12104665994968,15.802574352740097,23.295432775158993,17.844733207082488,12.394033639005984,32.9992384894549,13.591627060863084,24.72278607590596,38.439258243553525
30,Montana,MT,2024,52.45784940782958,52.45784940782958,46.728627953667775,47.37375486107474,46.24918174941863,50.05328545669346,43.23828974748428,53.67984678300504,53.92273703018232,54.1656272773596,30.99616419584835,76.36352937016173,51.03640479722656,50.709854174117055,55.650684798385555,50.37433088936005,46.10454683460556,51.7929743398121,40.15172251682911,77.59990580338396,47.76387942211275,54.58675502384352,38.86260893289114,64.0306745625777,58.06012682676629,52.08957909095489,75.82140878217427,52.23994034298113,53.52098511356515,52.278694955395856
37,North Carolina,NC,2024,45.89455849494897,45.89455849494897,51.62767446255286,65.64530221933487,49.8704485990568,54.210201625971195,36.784745405848575,51.479522553656366,52.01872027479369,52.55791799593101,50.5655065854882,52.39353852182453,49.846984410765174,33.79386967900556,11.585938206046256,24.55331964132016,65.24235118965026,38.06969746062735,32.16471921594943,40.730409450444526,37.30534857133264,38.538504833226355,41.60950523218381,44.11755308872858,51.15937804807574,58.2012030074229,47.8250235058584,40.41008267159875,41.00764839590288,45.42731640333403
38,North Dakota,ND,2024,40.37542361137207,40.37542361137207,36.69129953053411,38.47410480952479,43.968735782903366,55.24350553056134,9.07885199914694,52.888085865649074,70.66002389190194,88.43196191815483,53.68565349509522,52.09051823620293,49.24224901126937,44.59187701228273,47.384589261635334,54.46252645185401,31.928515323358845,39.3733810368016,25.001915147663212,55.799828460840615,48.440537362322885,42.4471153586873,25.177508854494004,80.11586445624607,71.50394336341412,62.892022270582174,74.14226330605754,86.08946560643462,51.823067137499486,50.53265807438443
31,Nebraska,NE,2024,49.64272160594382,49.64272160594382,38.386859693858014,21.070952954208792,35.654324626496134,59.66315664023023,37.15900455449691,54.233334824548656,64.59707964286649,74.96082446118432,47.356770288546464,61.10989936055085,50.8755536475561,50.43962180786526,59.00717196020445,45.614292842285,46.697400621106326,48.97910058673537,31.473456975191,61.60222266643589,47.87111780867432,58.09181240359983,45.8568930797758,75.81058888448291,68.52331541412941,61.23604194377591,77.61455349599976,74.00662427296606,55.98067926957668,53.42811645856639
33,New Hampshire,NH,2024,37.284364326902434,37.284364326902434,46.14058477689042,24.43542793505592,36.17085701254745,52.34870868157693,71.60734547838136,44.40485964695473,48.20433054402535,52.00380144109598,56.552151873364835,32.257567420544625,43.876426549272736,66.90225132877688,53.64757487908246,96.23837830507472,50.82080080217347,69.15866121833331,38.235584505912954,83.00175615601674,65.36958282804746,84.82982082461578,74.3565617770736,70.04445945181537,56.41020901956563,42.77595858731589,78.24482817721314,61.8440907264176,64.15704052222527,54.016733535749005
34,New Jersey,NJ,2024,50.1462949511601,50.1462949511601,49.5622718602425,53.55200728462738,40.27177694761041,50.43943895987474,53.98586424885747,36.68480997813195,20.73587602466651,4.786942071201068,44.80137231990299,28.56824763636091,40.14814761202303,54.381252698478384,71.56853139666057,30.8104507156967,60.764775983077854,65.79320994257894,76.97599378101134,59.6180620175976,54.476364559054616,74.65282436263792,63.24280499259325,63.982232315102834,68.28313800743368,72.584043699764507,49.77238328736595,78.19208134283971,62.819200216163665,51.483673914093345
35,New Mexico,NM,2024,60.30425604014793,60.30425604014793,42.67065670597787,28.243411804209067,63.1316249219658,38.98461925497213,40.32297084276448,53.95066885498774,59.285456524644474,64.62024419430121,37.40565798971676,70.49567972025872,54.08678975692342,66.27023040052119,65.95244342523637,70.00149701779145,62.85675075853575,30.751744574193584,34.5284857255709,42.02893812261142,49.46489921845754,2.510724078547007,25.22567572578104,21.988644923691385,23.008757727907355,24.028870532123324,26.829275148224337,17.148014699158434,40.01024423420737,47.04851699556539
32,Nevada,NV,2024,48.1624062907788,48.1624062907788,58.29922701950768,44.31163829252039,53.358511074787614,38.83851924877438,96.68823946194831,54.76626709503898,37.390937680074416,20.01560826510986,14.83960908063741,94.69292510944054,47.95085699678697,54.12945428838824,30.87272991827343,50.263558015320946,81.25207493157035,47.45139901473596,55.06239715831512,42.792607624810664,36.865013231139805,14.618809977654216,87.91816708175998,65.2382586580159,56.60912847197707,47.97999828593824,55.35806104178499,75.11845627424678,52.72999392503376,50.34042546091037
36,New York,NY,2024,48.11065325481346,48.11065325481346,49.1795371036971,49.67193281547868,55.29351547455858,50.3081769626856,41.44452316206554,52.82358717095137,31.908604333782424,10.993621496613478,73.48676259707662,32.16041174482612,43.06626489743099,45.311407779984584,58.82585943440306,39.98721453793626,37.12114936761444,52.109042699217376,99.68878750882875,37.80296161031832,66.64632368388015,17.245942933894632,39.161197759165006,22.38653840495309,42.849508206044426,63.31247800713576,18.76021298921881,26.012863820687368,46.756652895082134,44.91145889625656
39,Ohio,OH,2024,53.45987142256162,53.45987142256162,45.95893219339899,44.1903897243126,49.377208160684134,50.76312415031066,39.50500673828855,47.058408894252864,63.99960192677786,80.94079495930286,69.1546577255183,24.962160062987422,54.47280184757949,43.61281298220357,50.04800054670882,37.87322197023967,42.917216429662226,42.803501466187846,39.49400828278799,32.60572771317431,52.49001084726503,52.65160258730066,36.77615790041121,36.80472091623284,38.20497570239276,39.60523048855267,41.01641286114669,32.593028971319,41.54043005026139,48.00661594892044
40,Oklahoma,OK,2024,61.84767945695933,61.84767945695933,47.37325812815698,28.91583997604797,53.68714345294521,45.84336497119252,61.046684112442186,56.12109380688613,68.25424995435976,80.3874061018334,31.144116923893375,81.09807068987888,59.15839584649202,44.24238361799282,22.436150980172236,65.21943485401503,45.07156501979118,31.61244213482226,24.04136912804601,39.00856826572587,20.317579283135927,26.36590077773178,48.3287932194717,42.08044910203151,31.38266624947572,20.68488339691993,50.5351994652574,33.62569873880562,35.74583066743027,47.45211325696114
41,Oregon,OR,2024,49.60199100379168,49.60199100379168,55.71726831449581,65.35333878232775,28.86326304081806,43.2386093278881,85.41386210694931,55.277283158528334,45.75040638148802,36.223529604447705,60.121622368515496,50.43294394854118,50.3565552332585,75.81049446300062,91.75216625549146,88.3036181870466,47.37569894646383,65.86143747783497,69.4574457585049,71.40551010324828,60.927407461452425,42.12382257224924,85.39300149372002,39.90912355383334,35.812069796232464,31.715016038631585,44.724291991200715,35.093955116465956,59.161333912356014,54.75894457280725
42,Pennsylvania,PA,2024,45.73495667698616,45.73495667698616,44.5953988613997,56.94706853082656,39.37631577972418,55.99974120858787,26.058469926460187,48.15756822573453,61.941061934487905,75.72455564324129,71.45873442278892,24.856402028680137,50.757139157624586,51.90944181368354,54.9913240846125,60.98300335206784,39.7539980043703,50.88645744349024,66.8006923363597,42.412867285545275,65.77609031554165,50.35212326925631,29.09051401074825,36.623834162468,40.760887952536834,44.89794174260567,39.11853224028207,34.12913608465393,47.85226240323687,49.30470078043073
72,Puerto Rico,PR,2024,NA,NA,40.801713864442384,37.105644693363246,81.31470419195114,36.17010177533185,8.616404797123286,53.79797927166928,53.79797927166928,NA,36.35507653770623,71.24088200563233,NA,NA,NA,NA,NA,23.085671877906034,19.43516247744002,11.562513844047446,61.1979864210935,NA,0.1470247690431754,10.224186696467084,10.224186696467084,NA,20.085312621351544,0.36306077158262584,NA,NA
44,Rhode Island,RI,2024,49.12115246136686,49.12115246136686,50.479607325387526,72.92257282250745,58.38647509103994,46.409807937477616,24.19957345052513,45.422739480348014,42.550863919897395,39.67898835944678,61.041780419758226,29.8036985409378,47.383874568883925,44.961120266023414,52.81178352369176,54.90164589187606,27.169931382502423,56.730500331172166,43.39056469007376,39.25513939527435,71.74941070310187,87.63751016814311,41.619876699267714,45.434965166891935,40.17255594244065,34.91014671798938,44.90060477545059,45.969325558333274,47.28805884654541,47.33596670771466
45,South Carolina,SC,2024,37.47473048158996,37.47473048158996,55.34795513862571,49.71933769788459,67.885823735409,61.348504239079034,42.43815488213019,51.70876997576947,51.08655645844607,50.46434294112266,42.16122210060561,61.256317850933335,47.969747359553914,37.523288603869034,28.49357078594847,8.77596667437857,75.30032835128006,30.26211603821005,23.34790874184695,31.42516785936236,33.9696035012073,26.54674259871912,36.021157489914515,39.4191159610268,45.582274057125744,51.7454321532247,47.2410160047537,31.59721591729989,37.78922623306827,42.87948679631109
46,South Dakota,SD,2024,60.86110763891223,60.86110763891223,45.24646399153628,40.90255790704,49.23986717481608,56.18195526890192,34.66147561538714,48.200601975721526,60.8919869808952,73.58337198606888,37.88153108638886,58.51967286505419,55.666519537114574,42.00409043763256,43.32453091914157,67.31874187021727,15.368998523538869,40.52333601592444,34.03064225651357,62.65905867159444,34.12369385778457,38.81170716010634,32.99157813362331,73.40193649497436,68.63624235577336,63.87054821657235,78.86722327317389,67.93664971677484,50.387889603110125,53.027204570112346
47,Tennessee,TN,2024,49.31561886709045,49.31561886709045,49.29078122770038,53.653989210989735,63.39589331868814,56.54546602261811,23.567776358505537,51.016257868171294,58.83584625758334,66.65543464699539,57.87041031844563,44.162105417896946,52.48074878412473,44.14639295998941,46.56407905352257,18.945544825135386,66.92955500131029,24.712510556536788,25.87280868946428,23.959981027224497,28.18387582606739,17.581823437281237,27.96406380264652,34.816959235189046,44.15856925438537,53.500179273581686,43.81631912328587,25.817599347092223,37.67249092363719,45.07661985388096
48,Texas,TX,2024,57.50171692292591,57.50171692292591,56.73681742065652,52.72233906751066,54.37692772219257,38.666293228523536,81.18170966439934,49.90294372094929,35.47298210862985,21.04302049631042,23.910715457586154,75.89517198431243,49.903838817404086,38.69548575754798,35.185364744204165,26.092706276976084,54.80838625146369,38.7384586733249,38.559808469620535,30.83262289170726,24.10631625333893,30.91135676619011,69.28218898576766,60.40469357320549,62.6858316857987,64.966969798391915,57.5791459378242,63.23024120858679,46.70659203889053,48.30521542814731
000,United States,USA,2024,54.53220948404406,54.53220948404406,52.009201799216065,54.25091930700739,48.18350084360114,49.32887869094106,56.273508355314675,47.8719885002218,47.8719885002218,51.42221662859046,50.40030842489034,45.343668575553274,51.47113326116064,50.04570897703302,49.529594996846015,48.45416992979857,49.21324580014109,49.91402081388815,54.24767864368398,42.30943454797378,45.481185699486595,52.34523736056855,57.61778436440824,44.499587683721174,44.499587683721174,50.01009715857571,46.46324103406709,42.53593433337525,50.40465413234097,50.0613616281645
49,Utah,UT,2024,66.47103055827326,66.47103055827326,59.53140819470099,45.32955044791045,38.87622344174304,57.49569827735701,96.42416061179344,50.48301238961298,40.568188549379926,30.65336470914687,23.694756602023972,77.27126817720199,55.52354243411806,61.77073533206883,41.42414252805578,83.494947546595,60.39311592155573,70.6024538407514,57.12143032328598,84.78867869460298,46.677812856496864,67.36177845750001,97.06256887187112,84.73241884507706,85.50256004403488,86.27270124299271,87.78249616560703,81.68234152454708,72.6252497389517,64.07439608653488
51,Virginia,VA,2024,49.111766703324186,49.111766703324186,46.45916206870856,56.863987135442294,38.00334244223451,55.2410998221417,35.72821887501573,37.886036473405014,36.78682350036382,35.68761052732263,43.09644491192753,32.6756280348825,44.11925075746552,55.087071668549264,81.92386438589818,26.03142140044579,57.30592921930381,56.92027933461499,48.25778037620779,64.82852344065716,60.894574020593446,59.91363017411534,50.706888661501246,70.08557033890497,76.3991806595142,82.71279098012342,65.77443351131416,74.39670716649577,62.802177220892816,53.46071398917917
50,Vermont,VT,2024,38.5070456461881,38.5070456461881,35.83121064781808,28.85046970526511,29.4434840979738,50.32656881178108,34.70431997625236,53.642291217474536,53.81885281153647,53.9954144055984,80.00842604156124,27.276156393387833,42.71903636851422,69.7251362549407,64.16735823422272,97.68458806874531,47.32346246185403,65.04569516941999,52.96981578727187,88.44501936562736,67.4133371546409,74.08342158977268,42.31688194978717,40.60201075111142,31.322077071284937,22.042143391458453,54.24644797735041,26.95757352487244,55.364302831881865,49.04166960019804
53,Washington,WA,2024,47.97277939982211,47.97277939982211,62.09651260811927,81.8113393373021,28.51159011249404,50.86147564074346,87.20164534193749,45.41180137710459,36.816995782056765,28.22219018700894,49.128158504306334,41.69544424990284,48.962095929999386,79.16848220294408,87.6523163159203,81.60993775551361,68.24319253739833,67.46398666832124,71.57612589211928,79.41101151334955,59.80622871008129,37.08848816107222,89.43807906498388,62.150704865373626,60.90756936928037,59.66443387318711,56.722966298984296,67.57844343176296,69.18001274684856,59.07105433842398
55,Wisconsin,WI,2024,41.96932373177971,41.96932373177971,45.20167727193603,41.450188606943925,44.5190246309869,53.07663016316869,41.760865686644586,47.94307214082288,59.46445772828143,70.98584331573998,51.37007863789225,44.516065643753514,48.878486243999056,55.772834085538086,41.52903490242194,69.96658221311452,55.822885141077805,59.90772167028283,44.8790637781144,59.790365776864725,67.38636875677797,84.77883133863705,42.70397870101996,71.45583875734587,62.82013675933611,54.18443476132635,73.39343097343045,69.51824654126129,59.50023083838568,54.18935854119236
54,West Virginia,WV,2024,40.456896359787734,40.456896359787734,39.2793041851145,28.21785755423707,82.81975636091192,40.614717491583,5.4648853337259835,52.10350701840405,71.43098546950765,90.75846392061123,56.78183710788297,47.42517692892513,50.38906200480329,43.92968750156715,24.509548526890537,42.764607763430966,64.51490621437995,38.17317630768322,30.539498803684708,10.919586771535164,60.61644906002133,84.07518692583143,4.715159977343482,22.50251247584058,17.654988644419205,12.807464812997836,36.5405909733775,8.46443397830366,33.25261748455653,41.820839744679915
56,Wyoming,WY,2024,34.16199159503288,34.16199159503288,53.48381191952856,46.480419307066065,48.1742694296874,64.30971713084236,54.97084181051843,50.66482448551329,56.94771322203048,63.230601958547666,36.51464905736962,64.81499991365696,48.197838912197305,66.36991831611809,47.84652599195306,71.40912706540809,79.85410189099312,53.117658510710136,31.58764473774949,70.88994575137392,34.0808058883246,71.24798627408958,57.78190990201309,65.69947269800947,56.28645411581875,46.87343553362805,75.1330304763244,56.265914919694545,58.59134364754899,53.39459127987315
